Top queries,Clicks,Impressions,CTR,Position
ing heng credit,2,25,8%,6.24
馬來西亞個人貸款,2,4,50%,11.75
马来西亚个人贷款,1,6,16.67%,52.17
loan kecemasan,1,1,100%,83
equipment financing malaysia,0,49,0%,57.69
business building loan malaysia,0,48,0%,60.46
loan for factory setup malaysia,0,43,0%,52.33
pembiayaan peribadi malaysia,0,38,0%,68.26
business capital loan malaysia,0,35,0%,68.77
pembiayaan peribadi yang dipercayai,0,30,0%,46.37
pembiayaan peribadi yang senang lulus,0,30,0%,49.17
pembiayaan peribadi terbaik di malaysia,0,29,0%,51.66
business loan malaysia for new business,0,29,0%,73.17
business loan malaysia,0,29,0%,93.45
business loan for machinery malaysia,0,28,0%,49.29
pembiayaan peribadi terbaik malaysia,0,28,0%,53.64
pinjaman perniagaan,0,26,0%,92.42
apply for business loan malaysia,0,25,0%,69.72
best equipment financing malaysia,0,23,0%,48.09
business financing malaysia,0,23,0%,79.26
lorry with crane financing,0,22,0%,24.64
business working capital malaysia,0,22,0%,73.32
corporate loan malaysia,0,18,0%,82.33
new business loan malaysia,0,16,0%,75.5
medical equipment financing malaysia,0,15,0%,25.47
business equipment financing malaysia,0,15,0%,42
malaysia truck refrigeration system repair,0,15,0%,42.2
pinjaman kadar keuntungan rendah,0,15,0%,47.13
bank business loan malaysia,0,15,0%,92.53
factory financing malaysia,0,14,0%,67.5
equipment finance loan malaysia,0,13,0%,44.62
capital equipment financing malaysia,0,13,0%,45.15
personal loan to settle credit card malaysia,0,13,0%,51.62
thermo king refrigeration systems malaysia,0,13,0%,55.62
apply for business loan,0,13,0%,93.08
thermo king truck malaysia,0,12,0%,46.5
factory loan malaysia,0,12,0%,52.25
business loan in malaysia,0,12,0%,89
business loans malaysia,0,12,0%,93.92
malaysia business loan,0,12,0%,96.75
first credit pinjaman peribadi malaysia syarat faedah,0,11,0%,7
business loan for machinery purchase,0,10,0%,32.3
business building loans,0,10,0%,50.8
business loan for machinery,0,10,0%,53.3
pembiayaan peribadi senang lulus,0,10,0%,55.3
bank loans business,0,10,0%,75.5
什么银行最容易申请个人贷款,0,9,0%,48.22
financing business loan,0,9,0%,83.11
pinjaman peribadi loan,0,8,0%,65.5
business project loan,0,8,0%,67.62
machinery loan malaysia,0,7,0%,56
how to borrow money from bank for small business,0,7,0%,58
personal loan debt consolidation malaysia,0,7,0%,71.29
loan on company,0,7,0%,78.29
business loan for,0,7,0%,79.57
bank loan for a business,0,7,0%,83
bank loan for business in malaysia,0,7,0%,90.14
crawler crane malaysia,0,7,0%,96.57
business loan application,0,7,0%,97.71
emergency cash immediately malaysia,0,5,0%,32.8
heavy machinery loan,0,5,0%,48.8
how to get a small business startup loan malaysia,0,5,0%,60.4
debt consolidation malaysia,0,5,0%,68
bank loan for business,0,5,0%,86.4
bank business loan,0,5,0%,88.8
commercial business loan,0,5,0%,91.4
business loan malaysia bank,0,5,0%,94.8
small business loans,0,5,0%,235
chiller trucks manufacturer malaysia,0,4,0%,67
debt consolidation loan malaysia,0,4,0%,69
crawler crane rental,0,4,0%,81.75
company loan malaysia,0,4,0%,82.5
personal loan consolidation malaysia,0,4,0%,94.25
equipment and machinery loan,0,3,0%,37.67
pembiayaan peribadi pantas,0,3,0%,45.33
industrial hire purchase malaysia,0,3,0%,49.33
malaysia debt consolidation loan,0,3,0%,70.67
equipment machinery loan,0,3,0%,75.33
personal loan on credit card,0,3,0%,80.67
马来西亚 个人 贷款,0,3,0%,84.33
business loan requirements,0,3,0%,84.67
business financing,0,3,0%,90.67
pinjaman peribadi bank,0,3,0%,90.67
business loan approval,0,3,0%,91.67
permohonan pinjaman perniagaan,0,2,0%,23
tower crane rental companies,0,2,0%,29
business equipment financing companies,0,2,0%,29.5
银行个人贷款,0,2,0%,42
jenis pembiayaan peribadi,0,2,0%,43
new factory construction loan malaysia,0,2,0%,43
machinery and equipment loan,0,2,0%,48
requirements for business loan for new business,0,2,0%,51.5
heavy machinery financing,0,2,0%,52
machinery equipment loan,0,2,0%,56
贷款,0,2,0%,68
pembiayaan peribadi terbaik,0,2,0%,71.5
applying business loan,0,2,0%,73
bank loans for business,0,2,0%,74
requirement for business loan,0,2,0%,75
how to apply business loan,0,2,0%,77
pinjaman peribadi,0,2,0%,79.5
working capital loan malaysia,0,2,0%,81
new business loan requirements,0,2,0%,82.5
personal loan without payslip malaysia,0,2,0%,82.5
个人贷款债务合并,0,2,0%,84
documents required for business loan,0,2,0%,84.5
requirements for a business loan,0,2,0%,84.5
malaysia business loan interest rate,0,2,0%,85
take a loan for business,0,2,0%,88
machine loan finance,0,2,0%,89
how to apply for business loan,0,2,0%,91
business loan in bank,0,2,0%,92.5
trucks refrigeration malaysia,0,2,0%,93
cold trucks supplier malaysia,0,2,0%,93.5
commercial loan malaysia,0,2,0%,93.5
business loan financing,0,2,0%,95
how to get business loan from bank,0,2,0%,95
machinery loan,0,2,0%,95
crane company in malaysia,0,2,0%,95.5
eligibility for business loan,0,2,0%,96.5
business loan from bank,0,2,0%,97.5
personal loan pantas,0,2,0%,131
personal loan klang,0,1,0%,1
緊急貸款,0,1,0%,2
貨貸,0,1,0%,5
sewa forklift bulanan,0,1,0%,9
学生贷,0,1,0%,10
tbm800,0,1,0%,11
tower crane rental price,0,1,0%,12
tower crane hire,0,1,0%,16
affordable personal loan for large debt payoff,0,1,0%,19
哪里可以贷款,0,1,0%,22
tower crane rental malaysia,0,1,0%,27
business loans for new businesses,0,1,0%,28
tower crane rental rates,0,1,0%,30
emergency loan malaysia,0,1,0%,31
personal loan blacklist,0,1,0%,35
best personal loans for paying off credit cards,0,1,0%,40
guarantor loans malaysia,0,1,0%,40
equipment financing for business,0,1,0%,42
apply for commercial loans,0,1,0%,48
bank business loans,0,1,0%,48
私人贷款公司,0,1,0%,50
emergency loan,0,1,0%,51
申请贷款,0,1,0%,52
马来西亚贷款,0,1,0%,54
business loan company,0,1,0%,55
马来西亚银行贷款,0,1,0%,56
business loan apply online,0,1,0%,60
business loan for new business,0,1,0%,60
new business loans,0,1,0%,62
unsecured personal loan malaysia,0,1,0%,63
貸款,0,1,0%,66
isuzu npr 150 smoother malaysia,0,1,0%,68
loan perniagaan,0,1,0%,71
loan consolidation malaysia,0,1,0%,75
corporate bank loans,0,1,0%,78
pembiayaan peribadi,0,1,0%,78
bank loan business,0,1,0%,79
business loan malaysia interest rate,0,1,0%,80
trak bina semula malaysia,0,1,0%,82
buat pinjaman peribadi,0,1,0%,84
company loan,0,1,0%,84
business loan small,0,1,0%,86
bank loan requirements for business,0,1,0%,88
how to get business loans,0,1,0%,89
industrial hire purchase,0,1,0%,89
loan for small business,0,1,0%,89
business capital loan,0,1,0%,92
criteria for business loan,0,1,0%,92
machinery financing,0,1,0%,92
banks business loans,0,1,0%,94
business loan from banks,0,1,0%,94
loan for new business,0,1,0%,96
crane rental companies,0,1,0%,97
government business loan malaysia,0,1,0%,98
how to get a bank loan for business,0,1,0%,98
loans for business owners,0,1,0%,98
trade advance loan malaysia,0,1,0%,98
personal loan comparison malaysia,0,1,0%,99
pinjaman untuk memulakan perniagaan,0,1,0%,99
applying for a business loan,0,1,0%,100
loan for company,0,1,0%,100
个人贷款,0,1,0%,109
pinjaman,0,1,0%,156